{"cameraMode":{"drawMode":0,"name":"Shaded","section":"Shading Mode"},"sceneLighting":true,"audioPlay":false,"sceneViewState":{"m_AlwaysRefresh":false,"showFog":true,"showSkybox":true,"showFlares":true,"showImageEffects":true,"showParticleSystems":true,"showVisualEffectGraphs":true,"m_FxEnabled":true},"in2DMode":false,"pivot":{"x":8.687519073486329,"y":-1.2957305908203126,"z":6.6505889892578129},"rotation":{"x":-0.23158758878707887,"y":-0.48730841279029848,"z":0.13581694662570954,"w":-0.8309340476989746},"size":15.266032218933106,"orthographic":false}